선행수요순위,지역,건축허가건수,건축허가_연면적합계,공동주택_연면적,업무시설_연면적,공장_연면적,착공연계_연면적,실제착공_연면적,착공예정_연면적,사용승인_연면적,대형허가건수,세대수합계,건축허가_선행수요지수
1,부산,514,30213672.5388,989807.8183999999,160448.86469999998,1760151.9656,607797.1293,607797.1293,0.0,2267531.7619999996,50,4766,2619.249197579
2,대전,391,22691928.6103,241015.7758,13451.212500000001,307018.99,19211851.949100003,19211851.949100003,0.0,2845149.7035000003,37,1150,2448.4216351091
3,서울,1445,14380301.6927,6304861.099999999,2935117.5882,150314.56,2290926.273,2250111.3329999996,40814.939999999995,5337292.853,123,18839,1252.548881676
4,인천,745,6295415.1197999995,1998868.5077000002,998341.2481000001,1197375.7809999995,1186829.248,1178989.848,7839.4,1029653.1251999999,65,14060,621.2941024168
5,경북,134,5610311.152,644.18,36333.17,5522969.42,63461.89999999999,63461.89999999999,0.0,5513708.562,6,11,159.42070554999998
6,울산,736,2502854.3140000002,1150.92,0.0,1883265.671,680331.3400000001,680331.3400000001,0.0,1681560.0670000005,27,17,134.454817531
7,전북,204,1374970.9212,50252.4667,23059.827999999998,675.5,102165.47500000002,102165.47500000002,0.0,175384.609,8,264,126.050247826
8,제주,509,1385312.9432,112763.06110000002,86984.6756,4784.040000000001,102942.2292,102942.2292,0.0,492506.0228999999,24,777,100.3601614193
9,대구,360,1203169.2851,33874.111,26223.809999999998,105632.28499999999,400755.8859999998,382495.363,18260.523,624934.6324,15,437,76.79376936199999
10,세종,261,890485.4242,19857.0762,102979.68000000001,431115.844,283758.7112,283758.7112,0.0,338345.175,15,113,64.8852074472
11,충남,335,717842.3064,50451.2494,11373.64,109761.84,308237.4749999999,308170.955,66.52,334018.03140000004,7,266,50.8997935696
12,경남,124,585630.6781,745.84,4544.57,94517.855,26762.7297,26762.7297,0.0,106472.75000000001,5,22,46.176637824000004
13,강원,281,511070.221,658.17,14969.177,156962.23,205795.61,205795.61,0.0,244248.376,10,11,33.528890668
14,경기,373,405244.8226,2143.4,0.0,233011.63379999998,132633.1938,132633.1938,0.0,127772.26500000001,8,1,28.0440909994
15,충북,148,130203.1812,3101.17,34755.51,0.0,40454.84220000001,40454.84220000001,0.0,40448.399,4,30,10.1437329542
